[
  {
    "id": "ad247af7-1cb9-4e20-b799-dea76b984509",
    "data": [
      {
        "text": "intake",
        "userDefined": false
      }
    ],
    "isTemplate": false,
    "count": 0,
    "lang": "en",
    "updated": 0
  },
  {
    "id": "9f4689a0-47f0-41e5-98af-fa13f7555447",
    "data": [
      {
        "text": "vegetables",
        "userDefined": false
      }
    ],
    "isTemplate": false,
    "count": 0,
    "lang": "en",
    "updated": 0
  },
  {
    "id": "9219edd9-9175-4a18-8c25-46ce439a5b1c",
    "data": [
      {
        "text": "fruits",
        "userDefined": false
      }
    ],
    "isTemplate": false,
    "count": 0,
    "lang": "en",
    "updated": 0
  },
  {
    "id": "d7cbcba5-9324-4802-a0e9-d84f22d3b40e",
    "data": [
      {
        "text": "food",
        "userDefined": false
      }
    ],
    "isTemplate": false,
    "count": 0,
    "lang": "en",
    "updated": 0
  },
  {
    "id": "654b64bc-162c-4965-822e-1440e14083bf",
    "data": [
      {
        "text": "commodities",
        "userDefined": false
      }
    ],
    "isTemplate": false,
    "count": 0,
    "lang": "en",
    "updated": 0
  }
]