[
  {
    "id": "4814bcd0-08eb-494f-9e93-139911924998",
    "data": [
      {
        "text": "give me medicine",
        "userDefined": false
      }
    ],
    "isTemplate": false,
    "count": 0,
    "lang": "en",
    "updated": 0
  },
  {
    "id": "e14deec0-5c86-4f2e-93b4-818fa29898bd",
    "data": [
      {
        "text": "go grab me a coffee",
        "userDefined": false
      }
    ],
    "isTemplate": false,
    "count": 0,
    "lang": "en",
    "updated": 0
  },
  {
    "id": "58a1aa01-9a6f-4d4b-8da6-343179711025",
    "data": [
      {
        "text": "b,mg eterkuk",
        "userDefined": false
      }
    ],
    "isTemplate": false,
    "count": 0,
    "lang": "en",
    "updated": 0
  },
  {
    "id": "25526d82-c3e8-4251-abcd-9e83ff698179",
    "data": [
      {
        "text": "68639",
        "userDefined": false
      }
    ],
    "isTemplate": false,
    "count": 0,
    "lang": "en",
    "updated": 0
  },
  {
    "id": "1d369941-077a-4402-bfeb-5cb1ebaa1cba",
    "data": [
      {
        "text": "jfrt76o8",
        "userDefined": false
      }
    ],
    "isTemplate": false,
    "count": 0,
    "lang": "en",
    "updated": 0
  },
  {
    "id": "124c4730-daec-4e3e-ab1e-6c5d48c99045",
    "data": [
      {
        "text": "gudtdjhgjhjfhdh",
        "userDefined": false
      }
    ],
    "isTemplate": false,
    "count": 0,
    "lang": "en",
    "updated": 0
  }
]