[
  {
    "id": "7ca77fe5-ba27-4ac2-bbd1-55602eaadb8c",
    "data": [
      {
        "text": "precautions",
        "userDefined": false
      }
    ],
    "isTemplate": false,
    "count": 0,
    "lang": "en",
    "updated": 0
  },
  {
    "id": "7062406b-0a5c-46c6-b2df-a7488140e479",
    "data": [
      {
        "text": "symptoms",
        "userDefined": false
      }
    ],
    "isTemplate": false,
    "count": 0,
    "lang": "en",
    "updated": 0
  },
  {
    "id": "88abca39-27d7-4a56-a143-41f199a31359",
    "data": [
      {
        "text": "Can you tell me about some common diseases",
        "userDefined": false
      }
    ],
    "isTemplate": false,
    "count": 0,
    "lang": "en",
    "updated": 0
  }
]