[
  {
    "id": "c121270a-2ef9-4104-a11a-1d848bb7102b",
    "data": [
      {
        "text": "exercises",
        "userDefined": false
      }
    ],
    "isTemplate": false,
    "count": 0,
    "lang": "en",
    "updated": 0
  },
  {
    "id": "28249a15-3129-41d9-a34c-c4a54c5cd4eb",
    "data": [
      {
        "text": "yoga",
        "userDefined": false
      }
    ],
    "isTemplate": false,
    "count": 0,
    "lang": "en",
    "updated": 0
  },
  {
    "id": "973f431d-6844-460b-a543-8923d7cc7469",
    "data": [
      {
        "text": "yoga and exercises",
        "userDefined": false
      }
    ],
    "isTemplate": false,
    "count": 0,
    "lang": "en",
    "updated": 0
  }
]